{
  "project_info": {
    "project_number": "405817670629",
    "project_id": "hellomistriprovider",
    "storage_bucket": "hellomistriprovider.appspot.com"
  },
  "client": [
    {
      "client_info": {
        "mobilesdk_app_id": "1:405817670629:android:7b052160ac6810ab320d0c",
        "android_client_info": {
          "package_name": "com.hellomistri.hellomistriprovider"
        }
      },
      "oauth_client": [
        {
          "client_id": "405817670629-j9rqdu3sa4844riv3sp6m90eu0vmqbvo.apps.googleusercontent.com",
          "client_type": 1,
          "android_info": {
            "package_name": "com.hellomistri.hellomistriprovider",
            "certificate_hash": "ac7746501108818753787a73e4ee73f4a50893dd"
          }
        },
        {
          "client_id": "405817670629-ln8da31v1fe0n40a5s0ohesrgs54gaea.apps.googleusercontent.com",
          "client_type": 3
        }
      ],
      "api_key": [
        {
          "current_key": "AIzaSyDgiqTUvOwBLAst8DL55VrpWm4__EyFTN4"
        }
      ],
      "services": {
        "appinvite_service": {
          "other_platform_oauth_client": [
            {
              "client_id": "405817670629-ln8da31v1fe0n40a5s0ohesrgs54gaea.apps.googleusercontent.com",
              "client_type": 3
            }
          ]
        }
      }
    }
  ],
  "configuration_version": "1"
}